pdb,protChains,numProtChains,protChainLen,pepChains,numPepChains,pepChainLen
4f75_C_A-B-C-D_0, A B,2, 101 99, D,1, 2
3qhw_L_A-B-J-L_0, B,1, 262,,0,
6eja_B_A-B_0, A,1, 696,,0,
1a7c_B_A-B-C_0, A,1, 368,,0,
3fp2_Q_A-Q_0, A,1, 485,,0,
4sga_P_E-P_0, E,1, 180,,0,
4j82_C_A-C_0, A,1, 300,,0,
3nfl_G_B-C-F-G_5, C,1, 89,,0,
5m5u_G_A-E-G_0, A,1, 361,,0,
3shb_B_A-B_0, A,1, 71,,0,
3vqg_B_A-B_0, A,1, 86,,0,
2h9m_D_C-D_1, C,1, 304,,0,
4o51_N_A-B-N_1, A B,2, 215 214,,0,
1d00_I_A-I_0, A,1, 168,,0,
1obz_P_A-B-P_0, A,1, 165,,0,
3m5m_C_B-C_1, B,1, 198,,0,
4j47_B_A-B_0, A,1, 84,,0,
3nik_X_D-X_2, D,1, 85,,0,
5gu4_C_A-C_0, A,1, 255,,0,
1oby_Q_A-B-P-Q_0, A B,2, 77 75, P,1, 5
4mz6_A_A-C-E_0, E,1, 426,,0,
3m5o_C_A-C_0, A,1, 200,,0,
5k4f_C_A-C_0, A,1, 87,,0,
4jjq_B_A-B_0, A,1, 137,,0,
5kzt_C_A-C_0, A,1, 509,,0,
1yti_I_A-I_0, A B,2, 99 99, I,1, 4
2dze_X_A-B-X_0, A B,2, 161 161,,0,
5zw6_C_A-B-C-D_0, A,1, 391,,0,
2d5w_C_A-C_0, A,1, 602,,0,
5fpk_C_A-C_0, A,1, 228,,0,
3ebb_F_A-B-E-F_0, B,1, 263,,0,
4x2h_C_A-B-C_0, A,1, 192,,0,
3d9t_D_B-D_1, B,1, 96,,0,
1xb0_J_A-B-C-D-E-F-G-H-I-J-K-L_0, D C,2, 95 95,,0,
3nil_X_D-X_2, D,1, 84,,0,
4nnm_C_A-C_0, A,1, 112,,0,
3zin_C_A-B-C_0, A,1, 426,,0,
5wir_D_A-B-C-D_0, B,1, 205,,0,
4faf_D_A-B-D_0, A B,2, 99 99,,0,
1svz_C_A-B-C-D_0, A,1, 232,,0,
5sxm_D_B-D_1, B,1, 303,,0,
5xup_D_A-B-C-D_0, B,1, 196,,0,
4mvk_B_A-B_0, A,1, 171,,0,
3f6k_N_A-N_0, A,1, 664,,0,
2hpl_B_A-B_0, A,1, 100,,0,
1olc_B_A-B_0, A,1, 522,,0,
4tr9_J_A-B-C-D-E-G-H-I-J-K_0, C,1, 348,,0,
4ynl_C_A-B-C-D_0, A B,2, 77 76,,0,
1ok7_C_A-B-C_0, B,1, 366,,0,
1wcy_C_A-B-C-D_0, A,1, 739,,0,
2h2f_B_A-B_0, A,1, 235,,0,
5fgb_G_B-E-G_1, E B,2, 214 215,,0,
4k75_B_A-B_0, A,1, 87,,0,
3woq_C_A-B-C-D_0, A,1, 704,,0,
2y1l_G_A-B-C-D-E-F-G-H_0, D C,2, 91 149,,0,
4j44_B_A-B_0, A,1, 84,,0,
2x6m_B_A-B_0, A,1, 126,,0,
1kl5_F_A-B-C-D-E-F-G-H_0, C B,2, 120 120,,0,
4odk_C_A-B-C_0, A,1, 154,,0,
1jwg_D_B-D_1, B,1, 144,,0,
1hsb_C_A-B-C_0, A,1, 272,,0,
6ew9_P_A-B-C-P-Q-R_0, A,1, 310,,0,
1s2k_B_A-B_0, A,1, 200,,0,
4jwd_C_B-C_1, B,1, 216,,0,
6cd8_C_A-C_0, A,1, 167,,0,
3sxu_C_A-B-C_0, A,1, 146,,0,
1b4z_B_A-B_0, A,1, 523,,0,
3hda_Z_P-Z_0, P,1, 391,,0,
5fox_C_A-C_0, A,1, 224,,0,
6cdg_B_A-B_0, A,1, 164,,0,
1ddv_B_A-B_0, A,1, 104,,0,
4ezz_B_A-B_1, A,1, 218,,0,
1b40_B_A-B_0, A,1, 517,,0,
3lny_B_A-B_0, A,1, 97,,0,
3woo_C_A-B-C-D_0, A,1, 707,,0,
3drk_B_A-B_0, A,1, 559,,0,
4fii_B_A-B_0, A,1, 292,,0,
4ouc_B_A-B_0, A,1, 337,,0,
6exj_B_A-B_0, A,1, 89,,0,
2v5w_G_B-G-L_1, B,1, 368, L,1, 6
4xal_B_A-B_0, A,1, 90,,0,
1b3l_B_A-B_0, A,1, 517,,0,
4z88_V_J-V_1, J,1, 69,,0,
5v5p_A_A-B-C_0, C,1, 423,,0,
4m38_E_A-B-E-F_0, A,1, 335,,0,
1b5i_B_A-B_0, A,1, 517,,0,
2y7l_B_A-B_0, A,1, 312,,0,
1ghb_P_E-F-G-P_0, F G C B,4, 134 98 98 134, E P,2, 15 3
5m5r_D_A-C-D_0, A,1, 360,,0,
3psl_D_B-D_1, B,1, 298,,0,
3m5n_F_B-F_1, B,1, 201,,0,
4f74_C_A-B-C_0, A B,2, 99 99,,0,
5fow_E_A-E_0, A,1, 223,,0,
6cdc_C_A-C_0, A,1, 164,,0,
3zvy_D_B-D_0, B,1, 73,,0,
5fov_E_A-E_0, A,1, 228,,0,
1str_M_B-D-M-P_0, C B,2, 121 123,,0,
4j77_D_B-D_1, B,1, 299,,0,
2g30_S_A-P-S_0, A,1, 233,,0,
3fwv_C_A-C_0, A,1, 128,,0,
3emh_B_A-B_0, A,1, 302,,0,
3o2b_D_C-D_1, C,1, 105,,0,
2nph_S_A-B-S-T_0, A B,2, 99 99, T,1, 5
3oqs_B_A-B_0, A,1, 425,,0,
4g69_B_A-B_0, A,1, 97,,0,
3drh_B_A-B_0, A,1, 559,,0,
2ce9_X_A-B-X_0, A,1, 337,,0,
4k72_C_A-C_0, A,1, 87,,0,
3nfk_D_A-B-C-D_2, B,1, 91,,0,
3gq1_C_A-C_0, A,1, 86,,0,
3f7o_X_A-X_0, A,1, 286,,0,
4r5i_B_A-B_0, A,1, 229,,0,
1uoq_B_A-B_0, A,1, 712,,0,
5grg_D_A-B-C-D_0, A,1, 276, C,1, 6
4ikn_B_A-B_0, A,1, 249,,0,
4bjt_E_B-E_2, B,1, 153,,0,
4ezw_E_A-E_0, A,1, 218,,0,
2ipu_P_G-K-P_1, G K,2, 219 223,,0,
4j79_B_A-B_0, A,1, 300,,0,
3nii_B_A-B_0, A,1, 82,,0,
3q49_C_B-C_0, B,1, 132,,0,
4b8o_C_A-B-C_0, A,1, 422,,0,
4jmy_E_A-C-E_0, A,1, 183,,0,
5d9g_C_A-C_0, A,1, 248,,0,
3s9c_B_A-B_0, A,1, 246,,0,
5t6p_E_C-D-E_1, D C,2, 206 216,,0,
3cvl_B_A-B_0, A,1, 294,,0,
1b9j_B_A-B_0, A,1, 517,,0,
2orz_B_A-B_0, A,1, 313,,0,
3upv_B_A-B_0, A,1, 125,,0,
1kyf_P_A-P_0, A,1, 247,,0,
2v3s_C_B-C_1, B,1, 97,,0,
4es0_C_A-C_0, A,1, 304,,0,
3mmg_C_A-C_0, A,1, 218,,0,
1awr_J_D-J_5, D,1, 164,,0,
1mfl_B_A-B_0, A,1, 95,,0,
4k3q_E_A-B-E_0, A,1, 368,,0,
5b74_D_A-B-D_0, B,1, 128,,0,
3wor_C_A-B-C-D_0, A,1, 706,,0,
4j46_B_A-B_0, A,1, 84,,0,
5oj5_B_A-B_0, A,1, 310,,0,
4ezq_B_A-B_1, A,1, 216,,0,
1sdz_B_A-B_0, A,1, 98,,0,
1se0_B_A-B_0, A,1, 98,,0,
4c2c_B_A-B-C_0, A,1, 434,,0,
4k3p_E_A-B-E_0, A,1, 361,,0,
1vwa_M_B-D-M-P_0, C B,2, 121 123,,0,
4k3r_E_A-B-E_0, A,1, 362,,0,
3ivq_D_B-D_1, B,1, 138,,0,
6cwp_F_A-B-F_0, A B,2, 302 309,,0,
3nih_B_A-B_0, A,1, 82,,0,
4v3i_B_A-B_0, A,1, 154,,0,
1b3g_B_A-B_0, A,1, 517,,0,
3rc5_B_A-B_0, A,1, 201,,0,
6fqc_E_A-B-D-E_0, A,1, 341,,0,
3zs6_B_A-B_0, A,1, 511,,0,
5fjz_P_A-B-C-D-P-Q-R-S_0, A C,2, 262 262,,0,
5fou_C_A-C_0, A,1, 228,,0,
4jor_D_B-D_1, B,1, 87,,0,
1sts_P_B-D-M-P_0, D A,2, 121 123,,0,
3dri_B_A-B_0, A,1, 559,,0,
2hl3_C_A-B-C_0, A B,2, 76 72,,0,
5ovv_B_A-B_0, A,1, 100,,0,
3ny3_B_A-B_0, A,1, 73,,0,
5lyn_C_A-B-C-D_0, A B,2, 138 136,,0,
2v1r_R_A-Q-R_0, A,1, 67,,0,
4dgb_B_A-B_0, A,1, 163,,0,
1kyd_P_A-P_0, A,1, 248,,0,
5fch_C_A-B-C_0, A B,2, 404 399,,0,
2zgh_B_A-B_0, A,1, 236,,0,
3hds_E_A-D-E_0, D A,2, 111 116,,0,
4j81_C_B-C_1, B,1, 300,,0,
2zjd_D_C-D_5, C,1, 122,,0,
5jjm_G_A-G-M_0, A,1, 258,,0,
4od7_E_C-E_2, C,1, 189,,0,
2foj_B_A-B_0, A,1, 137,,0,
4ezn_C_A-B-C-D_0, A,1, 211,,0,
6cd9_B_A-B_0, A,1, 166,,0,
3rc4_B_A-B_0, A,1, 201,,0,
3agy_C_A-B-C-D-F_0, A,1, 176,,0,
4jok_D_B-D_1, B,1, 88,,0,
1yth_I_A-B-I_0, A B,2, 99 99,,0,
1b05_B_A-B_0, A,1, 517,,0,
3njj_B_A-B_0, A,1, 111,,0,
1kl3_G_A-B-C-D-E-F-G-H_0, C B,2, 120 120,,0,
1sua_C_A-C_0, A,1, 263,,0,
4z8j_B_A-B_0, A,1, 96,,0,
4o4y_A_A-H-L_0, L H,2, 221 218,,0,
2ot0_G_A-B-C-D-E-F-G-H_0, C,1, 349,,0,
3v43_Q_A-Q_0, A,1, 117,,0,
1czy_D_A-B-C-D-E_0, A,1, 168,,0,
5uw3_E_A-E_0, A,1, 694,,0,
5nqv_G_A-C-E-G_0, C,1, 193,,0,
1elr_B_A-B_0, A,1, 128,,0,
3tcg_I_A-I_0, A,1, 517,,0,
5tu5_B_A-B_0, A,1, 299,,0,
3nij_B_A-B_0, A,1, 82,,0,
1oxn_F_E-F_7, E,1, 95,,0,
2b6n_B_A-B_0, A,1, 281,,0,
1w9e_S_A-B-R-S-T_0, B,1, 164,,0,
3gv4_H_A-H_0, A,1, 103,,0,
3g19_C_A-C_0, A,1, 84,,0,
1a30_C_A-B-C_0, A B,2, 99 99,,0,
2fop_B_A-B_0, A,1, 137,,0,
6fkp_G_C-G_2, C,1, 55,,0,
1fch_C_A-B-C-D_2, F A,2, 297 302,,0,
3ziq_B_A-B-C_0, A,1, 426,,0,
1b32_B_A-B_0, A,1, 524,,0,
2r9q_X_A-C-X_1, C,1, 331,,0,
3t70_F_A-B-C-F_0, A B,2, 151 141,,0,
4j8b_B_A-B_0, A,1, 298,,0,
1b58_B_A-B_0, A,1, 517,,0,
3l81_B_A-B_0, A,1, 253,,0,
3soq_Z_A-Z_0, A,1, 309,,0,
3srj_D_A-C-D_0, A,1, 298, C,1, 18
2wa8_D_C-D_1, C,1, 103,,0,
2v17_A_A-H-L_0, L H,2, 214 222,,0,
4ny3_C_A-C_0, A,1, 305,,0,
4zhb_B_A-B_0, A,1, 105,,0,
5lb7_C_A-B-C_0, A B,2, 166 78,,0,
5yba_B_A-B-C-D_0, A,1, 172,,0,
2ql9_G_A-B-C-D-E-F-G_0, D A C B,4, 93 140 140 92,,0,
2v5f_X_A-X_0, A,1, 97,,0,
1evh_B_A-B_0, A,1, 111,,0,
1uop_B_A-B_0, A,1, 716,,0,
1gyb_E_A-B-E-F_0, A B,2, 122 122,,0,
3ou3_C_A-B-C_0, A B,2, 99 99,,0,
5huy_B_A-B-C_0, C,1, 423,,0,
2z9i_G_A-B-C-D-E-F-G-H-I_0, A,1, 284,,0,
1sem_C_A-B-C-D_0, A,1, 58,,0,
4xi7_C_A-C_0, A,1, 366,,0,
4pyw_B_A-B-C_0, A,1, 364, C,1, 6
3ufm_B_A-B_0, A,1, 232,,0,
1d0a_G_A-B-C-G-H-I_0, A,1, 168,,0,
5iz2_Z_A-B-Z_0, B,1, 126,,0,
4kg9_B_A-B_0, A,1, 138,,0,
5m5t_E_A-E-G-I_0, A,1, 361,,0,
1u9l_C_B-C_1, B,1, 70,,0,
5elq_P_A-P_0, A,1, 95,,0,
5eyz_E_A-E_0, A,1, 93,,0,
6hpg_c_C-c_2, C,1, 117,,0,
4j45_B_A-B_0, A,1, 84,,0,
3rte_B_A-B_0, G A,2, 493 493,,0,
4que_E_A-C-D-E-H-J_0, A,1, 236,,0,
4b3b_C_A-C_0, A,1, 225,,0,
1rzx_B_A-B_0, A,1, 98,,0,
4j84_D_B-D_1, B,1, 295,,0,
5e6o_E_B-E_1, B,1, 116,,0,
5iag_D_A-B-D_0, A,1, 239,,0,
3t64_F_A-B-C-F_0, A B,2, 155 137,,0,
2h59_D_A-B-D-E_0, A B,2, 248 248, E,1, 6
2fib_B_A-B_0, A,1, 251,,0,
4c2g_B_A-B-C_0, A,1, 434,,0,
5xcr_F_D-E-F_1, D E,2, 161 162,,0,
5jiu_C_A-B-C-D_0, A,1, 210,,0,
5azf_C_A-C_0, A,1, 119,,0,
5iza_B_A-B_0, A,1, 341,,0,
2foo_B_A-B_0, A,1, 137,,0,
3mqr_B_A-B_0, A,1, 137,,0,
3cww_E_A-B-D-E_0, A,1, 958,,0,
3fp4_Q_A-Q_0, A,1, 497,,0,
3rt9_B_A-B_0, F A,2, 493 493,,0,
1v1t_S_A-B-S-T_0, B,1, 162,,0,
4wvh_C_A-C_0, A,1, 520,,0,
4q6f_H_C-H_2, C,1, 53,,0,
4rxh_A_A-B-C_0, B,1, 421,,0,
3cbl_B_A-B_0, A,1, 359,,0,
4quh_D_A-C-D-I-J_0, A,1, 236,,0,
4iim_E_A-B-C-D-E_0, B,1, 55, D,1, 12
1b5j_B_A-B_0, A,1, 517,,0,
3nim_X_F-X_3, F,1, 84,,0,
4fys_C_A-C_0, A,1, 924,,0,
4j78_B_A-B_0, A,1, 300,,0,
4pxm_D_A-B-C-D_0, B,1, 227,,0,
5m5v_G_A-E-G-I_0, A,1, 361,,0,
1lvm_C_A-C-E_0, A,1, 229,,0,
4apo_D_B-D_1, B,1, 156,,0,
5wun_C_A-B-C_0, A,1, 426,,0,
2i3h_C_A-C_0, A,1, 91,,0,
5oav_B_A-B_0, A,1, 57,,0,
5y53_F_C-E-F_1, C E,2, 131 131,,0,
2bgr_Y_A-B-Y-Z_0, A,1, 743,,0,
2f5b_P_H-L-P_0, L H,2, 214 232,,0,
1qka_B_A-B_0, A,1, 517,,0,
3q47_C_B-C_0, B,1, 132,,0,
1b46_B_A-B_0, A,1, 522,,0,
4j09_B_A-B_0, A C,2, 268 268,,0,
4z0u_D_A-D_0, A,1, 155,,0,
3drj_B_A-B_0, A,1, 560,,0,
3ifo_P_H-L-P_0, L H,2, 218 216,,0,
4joh_D_A-D_0, A,1, 87,,0,
3thk_C_A-C_0, A,1, 59,,0,
3jrv_D_B-D_1, B,1, 144,,0,
5ovc_B_A-B_0, A,1, 97,,0,
4k3o_E_A-B-E_0, A,1, 368,,0,
4ezy_B_A-B_2, A,1, 220,,0,
4jop_C_A-C_0, A,1, 87,,0,
5huw_B_A-B-C_0, C,1, 423,,0,
4gne_B_A-B_0, A,1, 102,,0,
1h27_E_A-B-E_0, B,1, 258,,0,
4k76_G_C-G_2, C,1, 87,,0,
3lca_Q_A-Q_0, A,1, 484,,0,
4ba3_B_A-B_0, A,1, 428,,0,
4j86_C_A-C_0, A,1, 301,,0,
3uf7_B_A-B-C_0, A,1, 227,,0,
4qbr_P_A-P_0, A,1, 139,,0,
4cic_Q_A-B-Q_0, A B,2, 138 137,,0,
4gyo_C_A-B-C-D_0, B,1, 360,,0,
4ztd_F_A-B-C-D-E-F_0, C,1, 252,,0,
4pz3_C_A-B-C_0, B,1, 153,,0,
4hxj_C_A-C_0, A,1, 60,,0,
3uoa_L_B-C-L-M_0, B,1, 364,,0,
3sjk_B_A-B_0, A,1, 179,,0,
4wnn_T_C-D-T_3, D C,2, 97 83,,0,
1nvs_B_A-B_0, A,1, 266,,0,
4ojf_A_A-H-L_0, L H,2, 219 219,,0,
4k3m_E_A-B-E_0, A,1, 363,,0,
1tw6_C_A-B-C-D_2, F A,2, 99 91,,0,
1b51_B_A-B_0, A,1, 517,,0,
3rta_B_A-B_0, F A,2, 491 491,,0,
3nin_E_B-E_1, B,1, 83,,0,
1e4x_P_H-L-P_0, L H,2, 214 216,,0,
